{"cameraMode":{"drawMode":0,"name":"Shaded","section":"Shading Mode"},"sceneLighting":false,"audioPlay":false,"sceneViewState":{"showFog":false,"showMaterialUpdate":false,"showSkybox":false,"showFlares":false,"showImageEffects":false,"showParticleSystems":false},"in2DMode":false,"pivot":{"x":-2.469831705093384,"y":-0.9663702249526978,"z":0.28451165556907656},"rotation":{"x":0.15314333140850068,"y":-0.6417173147201538,"z":0.1310458481311798,"w":0.7431444525718689},"size":3.5289416313171388,"orthographic":false}