{"cameraMode":{"drawMode":0,"name":"Shaded","section":"Shading Mode"},"sceneLighting":false,"audioPlay":false,"sceneViewState":{"showFog":false,"showMaterialUpdate":false,"showSkybox":false,"showFlares":false,"showImageEffects":false,"showParticleSystems":false},"in2DMode":false,"pivot":{"x":1.660005807876587,"y":-0.856279194355011,"z":0.6791483759880066},"rotation":{"x":-0.19148701429367066,"y":-0.4516851007938385,"z":0.09719332307577133,"w":-0.8682689070701599},"size":3.500178575515747,"orthographic":false}