{"cameraMode":{"drawMode":0,"name":"Shaded","section":"Shading Mode"},"sceneLighting":true,"audioPlay":false,"sceneViewState":{"showFog":false,"showMaterialUpdate":false,"showSkybox":false,"showFlares":false,"showImageEffects":false,"showParticleSystems":false},"in2DMode":false,"pivot":{"x":925.8584594726563,"y":12.924072265625,"z":2032.784423828125},"rotation":{"x":-0.09188678860664368,"y":-0.07948889583349228,"z":-0.0007777297287248075,"w":-0.9944582581520081},"size":3293.810302734375,"orthographic":false}