{"cameraMode":{"drawMode":0,"name":"Shaded","section":"Shading Mode"},"sceneLighting":false,"audioPlay":false,"sceneViewState":{"showFog":false,"showMaterialUpdate":false,"showSkybox":false,"showFlares":false,"showImageEffects":false,"showParticleSystems":false},"in2DMode":false,"pivot":{"x":1.0129857063293458,"y":-0.2029259204864502,"z":0.5426305532455444},"rotation":{"x":-0.20455008745193482,"y":-0.5833614468574524,"z":0.15339849889278413,"w":-0.7737377882003784},"size":5.445234775543213,"orthographic":false}