{"cameraMode":{"drawMode":0,"name":"Shaded","section":"Shading Mode"},"sceneLighting":true,"audioPlay":false,"sceneViewState":{"showFog":false,"showMaterialUpdate":false,"showSkybox":false,"showFlares":false,"showImageEffects":false,"showParticleSystems":false},"in2DMode":false,"pivot":{"x":474.0379638671875,"y":168.99288940429688,"z":381.8760681152344},"rotation":{"x":-0.10302477329969406,"y":-0.20807301998138429,"z":0.020247215405106546,"w":-0.9743200540542603},"size":2.5578837394714357,"orthographic":false}