{"cameraMode":{"drawMode":0,"name":"Shaded","section":"Shading Mode"},"sceneLighting":true,"audioPlay":false,"sceneViewState":{"showFog":false,"showMaterialUpdate":false,"showSkybox":false,"showFlares":false,"showImageEffects":false,"showParticleSystems":false},"in2DMode":false,"pivot":{"x":512.46044921875,"y":35.73207092285156,"z":465.525390625},"rotation":{"x":-0.14887672662734986,"y":-0.20313327014446259,"z":0.03321583569049835,"w":-0.9679850935935974},"size":109.58842468261719,"orthographic":false}