{"cameraMode":{"drawMode":0,"name":"Shaded","section":"Shading Mode"},"sceneLighting":true,"audioPlay":false,"sceneViewState":{"showFog":false,"showMaterialUpdate":false,"showSkybox":false,"showFlares":false,"showImageEffects":false,"showParticleSystems":false},"in2DMode":false,"pivot":{"x":477.8070068359375,"y":171.60162353515626,"z":380.8818054199219},"rotation":{"x":-0.09326399117708206,"y":0.025012578815221788,"z":0.006605012807995081,"w":-0.9979070425033569},"size":3.02662992477417,"orthographic":false}