{"cameraMode":{"drawMode":0,"name":"Shaded","section":"Shading Mode"},"sceneLighting":false,"audioPlay":false,"sceneViewState":{"showFog":false,"showMaterialUpdate":false,"showSkybox":false,"showFlares":false,"showImageEffects":false,"showParticleSystems":false},"in2DMode":false,"pivot":{"x":2.1246728897094728,"y":4.571164131164551,"z":11.046966552734375},"rotation":{"x":-0.012495816685259343,"y":-0.3897193968296051,"z":0.005114925093948841,"w":-0.9211790561676025},"size":22.0,"orthographic":false}