{"cameraMode":{"drawMode":0,"name":"Shaded","section":"Shading Mode"},"sceneLighting":false,"audioPlay":false,"sceneViewState":{"showFog":false,"showMaterialUpdate":false,"showSkybox":false,"showFlares":false,"showImageEffects":false,"showParticleSystems":false},"in2DMode":false,"pivot":{"x":476.7008972167969,"y":168.54373168945313,"z":384.6059875488281},"rotation":{"x":-0.0385354682803154,"y":0.9605909585952759,"z":-0.21422412991523744,"w":-0.18372972309589387},"size":3.500178575515747,"orthographic":false}