{"cameraMode":{"drawMode":0,"name":"Shaded","section":"Shading Mode"},"sceneLighting":false,"audioPlay":false,"sceneViewState":{"showFog":false,"showMaterialUpdate":false,"showSkybox":false,"showFlares":false,"showImageEffects":false,"showParticleSystems":false},"in2DMode":false,"pivot":{"x":-0.7858381271362305,"y":2.3922927379608156,"z":-0.8065463304519653},"rotation":{"x":-0.07187528908252716,"y":-0.911767303943634,"z":0.18037782609462739,"w":-0.3679751753807068},"size":3.6248421669006349,"orthographic":false}